,city,population,property,state,violent,year
0,Andalusia2,8946.0,,ALABAMA,24.0,2010
1,Anniston2,23703.0,2038.0,ALABAMA,,2010
2,Clanton2,9109.0,,ALABAMA,47.0,2010
3,Daleville2,4561.0,,ALABAMA,17.0,2010
4,Enterprise3,26649.0,,ALABAMA,124.0,2010
5,Eufaula2,14709.0,,ALABAMA,19.0,2010
6,Florence2,38643.0,,ALABAMA,,2010
7,Guntersville2,8775.0,,ALABAMA,34.0,2010
8,Jasper2,14138.0,,ALABAMA,72.0,2010
9,Montevallo2,6657.0,,ALABAMA,15.0,2010
10,Moody2,14726.0,,ALABAMA,2.0,2010
11,Orange Beach2,6575.0,,ALABAMA,6.0,2010
12,Oxford2,21171.0,1242.0,ALABAMA,,2010
13,Reform2,1751.0,,ALABAMA,13.0,2010
14,Riverside3,2146.0,,ALABAMA,4.0,2010
15,Troy3,15395.0,,ALABAMA,,2010
16,Tuscumbia3,8490.0,,ALABAMA,,2010
17,Winfield2,4573.0,,ALABAMA,13.0,2010
18,Wasilla6,11471.0,326.0,ALASKA,,2010
19,Tucson6,527107.0,,ARIZONA,3331.0,2010
20,Rogers3,61417.0,,ARKANSAS,219.0,2010
21,Thornton6,119989.0,3625.0,COLORADO,,2010
22,McCaysville3,957.0,,GEORGIA,2.0,2010
23,Chicago7,2833649.0,120045.0,ILLINOIS5,,2010
24,Shelbyville2,18797.0,,INDIANA,8.0,2010
25,Muscatine2,22866.0,,IOWA,114.0,2010
26,Gonzales6,9738.0,,LOUISIANA,9.0,2010
27,Baltimore City Sheriff,,0.0,MARYLAND,0.0,2010
28,Billerica6,39519.0,592.0,MASSACHUSETTS,,2010
29,Hanson6,10091.0,134.0,MASSACHUSETTS,,2010
30,North Brookfield6,5034.0,55.0,MASSACHUSETTS,,2010
31,Plymouth6,56751.0,1115.0,MASSACHUSETTS,,2010
32,Shrewsbury6,33796.0,316.0,MASSACHUSETTS,,2010
33,Yarmouth6,23498.0,813.0,MASSACHUSETTS,,2010
34,Albany,2239.0,26.0,MINNESOTA7,,2010
35,Albert Lea,17304.0,410.0,MINNESOTA7,,2010
36,Alexandria,12003.0,363.0,MINNESOTA7,,2010
37,Annandale,3212.0,125.0,MINNESOTA7,,2010
38,Anoka,17323.0,748.0,MINNESOTA7,,2010
39,Appleton,2971.0,49.0,MINNESOTA7,,2010
40,Apple Valley,50579.0,1511.0,MINNESOTA7,,2010
41,Arden Hills,9860.0,151.0,MINNESOTA7,,2010
42,Aurora,1745.0,0.0,MINNESOTA7,,2010
43,Austin,22929.0,763.0,MINNESOTA7,,2010
44,Avon,1342.0,3.0,MINNESOTA7,,2010
45,Babbitt,1579.0,0.0,MINNESOTA7,,2010
46,Baxter,8748.0,297.0,MINNESOTA7,,2010
47,Bayport,3335.0,37.0,MINNESOTA7,,2010
48,Becker,4387.0,28.0,MINNESOTA7,,2010
49,Belgrade,720.0,0.0,MINNESOTA7,,2010
50,Belle Plaine,7244.0,160.0,MINNESOTA7,,2010
51,Bemidji,13911.0,982.0,MINNESOTA7,,2010
52,Benson,2930.0,61.0,MINNESOTA7,,2010
53,Big Lake,10240.0,188.0,MINNESOTA7,,2010
54,Blackduck,790.0,43.0,MINNESOTA7,,2010
55,Blaine,57561.0,1953.0,MINNESOTA7,,2010
56,Bloomington,82715.0,3175.0,MINNESOTA7,,2010
57,Blue Earth,3183.0,42.0,MINNESOTA7,,2010
58,Brainerd,13779.0,558.0,MINNESOTA7,,2010
59,Breckenridge,3151.0,49.0,MINNESOTA7,,2010
60,Brooklyn Center,27378.0,1363.0,MINNESOTA7,,2010
61,Browns Valley,579.0,0.0,MINNESOTA7,,2010
62,Brownton,777.0,4.0,MINNESOTA7,,2010
63,Buffalo,14881.0,383.0,MINNESOTA7,,2010
64,Burnsville,59028.0,0.0,MINNESOTA7,,2010
65,Cambridge,7986.0,264.0,MINNESOTA7,,2010
66,Cannon Falls,4050.0,200.0,MINNESOTA7,,2010
67,Centennial Lakes,11423.0,136.0,MINNESOTA7,,2010
68,Champlin,24139.0,510.0,MINNESOTA7,,2010
69,Chaska,25424.0,398.0,MINNESOTA7,,2010
70,Chisholm,4559.0,177.0,MINNESOTA7,,2010
71,Cloquet,11486.0,454.0,MINNESOTA7,,2010
72,Cold Spring,5108.0,66.0,MINNESOTA7,,2010
73,Coon Rapids,62419.0,2709.0,MINNESOTA7,,2010
74,Corcoran,5749.0,38.0,MINNESOTA7,,2010
75,Cottage Grove,34276.0,566.0,MINNESOTA7,,2010
76,Crookston,7829.0,68.0,MINNESOTA7,,2010
77,Crosby,2245.0,23.0,MINNESOTA7,,2010
78,Crystal,21753.0,715.0,MINNESOTA7,,2010
79,Dawson,1323.0,18.0,MINNESOTA7,,2010
80,Dayton,4650.0,39.0,MINNESOTA7,,2010
81,Deephaven-Woodland,4339.0,17.0,MINNESOTA7,,2010
82,Detroit Lakes,8329.0,419.0,MINNESOTA7,,2010
83,Dilworth,3787.0,103.0,MINNESOTA7,,2010
84,Duluth2,84249.0,,MINNESOTA7,,2010
85,Eagan,64239.0,1625.0,MINNESOTA7,,2010
86,Eagle Lake,2416.0,14.0,MINNESOTA7,,2010
87,East Grand Forks,7878.0,235.0,MINNESOTA7,,2010
88,Eden Prairie,63159.0,1020.0,MINNESOTA7,,2010
89,Edina,46503.0,899.0,MINNESOTA7,,2010
90,Elk River,24025.0,607.0,MINNESOTA7,,2010
91,Elmore,642.0,12.0,MINNESOTA7,,2010
92,Ely,3459.0,76.0,MINNESOTA7,,2010
93,Eveleth,3559.0,119.0,MINNESOTA7,,2010
94,Fairmont,10029.0,279.0,MINNESOTA7,,2010
95,Falcon Heights,5661.0,107.0,MINNESOTA7,,2010
96,Faribault,22272.0,830.0,MINNESOTA7,,2010
97,Farmington,20229.0,177.0,MINNESOTA7,,2010
98,Fergus Falls,13531.0,350.0,MINNESOTA7,,2010
99,Floodwood,499.0,29.0,MINNESOTA7,,2010
100,Forest Lake,18030.0,533.0,MINNESOTA7,,2010
101,Fridley,25857.0,1329.0,MINNESOTA7,,2010
102,Gilbert,1748.0,0.0,MINNESOTA7,,2010
103,Glencoe,5517.0,113.0,MINNESOTA7,,2010
104,Glenwood,2467.0,8.0,MINNESOTA7,,2010
105,Golden Valley,20527.0,466.0,MINNESOTA7,,2010
106,Goodview,3737.0,91.0,MINNESOTA7,,2010
107,Grand Rapids,9457.0,359.0,MINNESOTA7,,2010
108,Granite Falls,2857.0,26.0,MINNESOTA7,,2010
109,Hallock,981.0,0.0,MINNESOTA7,,2010
110,Hastings,22688.0,525.0,MINNESOTA7,,2010
111,Hermantown,9755.0,294.0,MINNESOTA7,,2010
112,Hibbing,16157.0,242.0,MINNESOTA7,,2010
113,Hilltop,680.0,69.0,MINNESOTA7,,2010
114,Hokah,553.0,16.0,MINNESOTA7,,2010
115,Hopkins,17020.0,495.0,MINNESOTA7,,2010
116,Houston,943.0,16.0,MINNESOTA7,,2010
117,Hoyt Lakes,1953.0,0.0,MINNESOTA7,,2010
118,Hutchinson,13901.0,376.0,MINNESOTA7,,2010
119,International Falls,5763.0,204.0,MINNESOTA7,,2010
120,Jackson,3302.0,67.0,MINNESOTA7,,2010
121,Janesville,2259.0,25.0,MINNESOTA7,,2010
122,Kasson,5703.0,59.0,MINNESOTA7,,2010
123,Kimball,718.0,4.0,MINNESOTA7,,2010
124,La Crescent,4897.0,89.0,MINNESOTA7,,2010
125,Lake City,5313.0,159.0,MINNESOTA7,,2010
126,Lake Crystal,2635.0,49.0,MINNESOTA7,,2010
127,Lakefield,1614.0,39.0,MINNESOTA7,,2010
128,Lakes Area,8654.0,222.0,MINNESOTA7,,2010
129,Lakeville,57470.0,830.0,MINNESOTA7,,2010
130,Lauderdale,2241.0,32.0,MINNESOTA7,,2010
131,Lester Prairie,1769.0,9.0,MINNESOTA7,,2010
132,Lewiston,1461.0,2.0,MINNESOTA7,,2010
133,Lino Lakes,20953.0,193.0,MINNESOTA7,,2010
134,Litchfield,6554.0,130.0,MINNESOTA7,,2010
135,Little Canada,9644.0,295.0,MINNESOTA7,,2010
136,Little Falls,8049.0,140.0,MINNESOTA7,,2010
137,Long Prairie,2757.0,66.0,MINNESOTA7,,2010
138,Madison,1527.0,17.0,MINNESOTA7,,2010
139,Mankato,36921.0,1527.0,MINNESOTA7,,2010
140,Maple Grove,64861.0,1241.0,MINNESOTA7,,2010
141,Mapleton,1672.0,29.0,MINNESOTA7,,2010
142,Maplewood,36907.0,2317.0,MINNESOTA7,,2010
143,Medina,5297.0,102.0,MINNESOTA7,,2010
144,Melrose,3261.0,30.0,MINNESOTA7,,2010
145,Mendota Heights,11697.0,221.0,MINNESOTA7,,2010
146,Milaca,3015.0,29.0,MINNESOTA7,,2010
147,Minnetonka,50753.0,983.0,MINNESOTA7,,2010
148,Minnetrista,8796.0,82.0,MINNESOTA7,,2010
149,Montevideo,5148.0,125.0,MINNESOTA7,,2010
150,Montgomery,3305.0,57.0,MINNESOTA7,,2010
151,Moorhead,37274.0,938.0,MINNESOTA7,,2010
152,Moose Lake,2576.0,80.0,MINNESOTA7,,2010
153,Morris,5074.0,114.0,MINNESOTA7,,2010
154,Mound,9654.0,167.0,MINNESOTA7,,2010
155,Mounds View,12000.0,378.0,MINNESOTA7,,2010
156,Mountain Iron,2925.0,0.0,MINNESOTA7,,2010
157,Mountain Lake,1878.0,0.0,MINNESOTA7,,2010
158,New Brighton,21689.0,581.0,MINNESOTA7,,2010
159,New Hope,20644.0,677.0,MINNESOTA7,,2010
160,Newport,3495.0,134.0,MINNESOTA7,,2010
161,New Prague,7065.0,142.0,MINNESOTA7,,2010
162,New Richland,1148.0,0.0,MINNESOTA7,,2010
163,New Ulm,12843.0,232.0,MINNESOTA7,,2010
164,North Branch,10732.0,332.0,MINNESOTA7,,2010
165,Northfield,19918.0,404.0,MINNESOTA7,,2010
166,North Mankato,12748.0,232.0,MINNESOTA7,,2010
167,North Oaks,4883.0,46.0,MINNESOTA7,,2010
168,North St. Paul,11433.0,288.0,MINNESOTA7,,2010
169,Oakdale,27358.0,1121.0,MINNESOTA7,,2010
170,Oak Park Heights,4839.0,201.0,MINNESOTA7,,2010
171,Orono,12294.0,111.0,MINNESOTA7,,2010
172,Ortonville,1911.0,15.0,MINNESOTA7,,2010
173,Osakis,1566.0,28.0,MINNESOTA7,,2010
174,Osseo,2597.0,3.0,MINNESOTA7,,2010
175,Owatonna,25210.0,482.0,MINNESOTA7,,2010
176,Park Rapids,3654.0,248.0,MINNESOTA7,,2010
177,Paynesville,2290.0,106.0,MINNESOTA7,,2010
178,Plymouth,73579.0,1226.0,MINNESOTA7,,2010
179,Princeton,4839.0,146.0,MINNESOTA7,,2010
180,Prior Lake,26241.0,427.0,MINNESOTA7,,2010
181,Proctor,2840.0,107.0,MINNESOTA7,,2010
182,Red Wing,15641.0,472.0,MINNESOTA7,,2010
183,Redwood Falls,5050.0,166.0,MINNESOTA7,,2010
184,Richfield,33188.0,873.0,MINNESOTA7,,2010
185,Robbinsdale,13822.0,427.0,MINNESOTA7,,2010
186,Rochester,105027.0,2429.0,MINNESOTA7,,2010
187,Rogers,8288.0,55.0,MINNESOTA7,,2010
188,Roseau,2752.0,26.0,MINNESOTA7,,2010
189,Rosemount,22870.0,316.0,MINNESOTA7,,2010
190,Roseville,33176.0,1482.0,MINNESOTA7,,2010
191,Sauk Centre,4073.0,81.0,MINNESOTA7,,2010
192,Sauk Rapids,12130.0,75.0,MINNESOTA7,,2010
193,Savage,29151.0,686.0,MINNESOTA7,,2010
194,Shakopee,36290.0,1028.0,MINNESOTA7,,2010
195,Shoreview,25419.0,299.0,MINNESOTA7,,2010
196,Silver Bay,1804.0,1.0,MINNESOTA7,,2010
197,Silver Lake,794.0,13.0,MINNESOTA7,,2010
198,Slayton,1809.0,16.0,MINNESOTA7,,2010
199,Sleepy Eye,3363.0,0.0,MINNESOTA7,,2010
200,South Lake Minnetonka,12329.0,156.0,MINNESOTA7,,2010
201,Springfield,2103.0,0.0,MINNESOTA7,,2010
202,Spring Grove,1233.0,0.0,MINNESOTA7,,2010
203,Spring Lake Park,6577.0,366.0,MINNESOTA7,,2010
204,St. Anthony,8484.0,298.0,MINNESOTA7,,2010
205,Staples,2984.0,122.0,MINNESOTA7,,2010
206,St. Charles,3566.0,20.0,MINNESOTA7,,2010
207,St. Cloud,67942.0,2542.0,MINNESOTA7,,2010
208,St. Francis,7644.0,134.0,MINNESOTA7,,2010
209,Stillwater,18208.0,603.0,MINNESOTA7,,2010
210,St. James,4271.0,77.0,MINNESOTA7,,2010
211,St. Louis Park,45690.0,1473.0,MINNESOTA7,,2010
212,St. Paul Park,5262.0,134.0,MINNESOTA7,,2010
213,St. Peter,11063.0,248.0,MINNESOTA7,,2010
214,Thief River Falls,8575.0,139.0,MINNESOTA7,,2010
215,Tracy,2063.0,0.0,MINNESOTA7,,2010
216,Two Harbors,3245.0,45.0,MINNESOTA7,,2010
217,Vadnais Heights,12733.0,289.0,MINNESOTA7,,2010
218,Virginia,8419.0,508.0,MINNESOTA7,,2010
219,Wabasha,2513.0,69.0,MINNESOTA7,,2010
220,Wadena,3920.0,114.0,MINNESOTA7,,2010
221,Waite Park,6873.0,683.0,MINNESOTA7,,2010
222,Warroad,1649.0,21.0,MINNESOTA7,,2010
223,Waseca,8668.0,183.0,MINNESOTA7,,2010
224,Wayzata,3953.0,89.0,MINNESOTA7,,2010
225,Wells,2299.0,5.0,MINNESOTA7,,2010
226,West Hennepin,5680.0,38.0,MINNESOTA7,,2010
227,Wheaton,1362.0,36.0,MINNESOTA7,,2010
228,White Bear Lake,24365.0,946.0,MINNESOTA7,,2010
229,Willmar,17854.0,576.0,MINNESOTA7,,2010
230,Windom,4101.0,94.0,MINNESOTA7,,2010
231,Winnebago,1308.0,27.0,MINNESOTA7,,2010
232,Winona,26447.0,489.0,MINNESOTA7,,2010
233,Winsted,2425.0,41.0,MINNESOTA7,,2010
234,Woodbury,58503.0,1307.0,MINNESOTA7,,2010
235,Worthington,11114.0,232.0,MINNESOTA7,,2010
236,Wyoming,8148.0,174.0,MINNESOTA7,,2010
237,Zumbrota,3109.0,66.0,MINNESOTA7,,2010
238,Grants6,8845.0,265.0,NEW MEXICO,,2010
239,Los Alamos6,18311.0,186.0,NEW MEXICO,,2010
240,Los Lunas6,15054.0,546.0,NEW MEXICO,,2010
241,Cornwall Town2,9724.0,,NEW YORK,0.0,2010
242,Lake Royale,,88.0,NORTH CAROLINA,2.0,2010
243,Toledo6,315647.0,,OHIO,2854.0,2010
244,Catoosa3,8193.0,181.0,OKLAHOMA,,2010
245,Glenpool3,10685.0,224.0,OKLAHOMA,,2010
246,Nowata3,3956.0,61.0,OKLAHOMA,,2010
247,Pryor3,9400.0,310.0,OKLAHOMA,,2010
248,Shawnee3,31002.0,1757.0,OKLAHOMA,,2010
249,Weatherford3,10551.0,311.0,OKLAHOMA,,2010
250,Black Butte,,10.0,OREGON5,0.0,2010
251,Sunriver,,55.0,OREGON5,2.0,2010
252,Indiana3,15062.0,329.0,PENNSYLVANIA,,2010
253,Fairmont2,19332.0,,WEST VIRGINIA,48.0,2010
254,Hurricane2,6463.0,,WEST VIRGINIA,11.0,2010
255,Morgantown2,31247.0,,WEST VIRGINIA,100.0,2010
256,Summersville3,3351.0,127.0,WEST VIRGINIA,,2010
257,Vienna2,10715.0,,WEST VIRGINIA,12.0,2010
258,Portage2,9815.0,,WISCONSIN,27.0,2010
259,Douglas4,17624.0,580.0,ARIZONA,,2011
260,Tucson5,527479.0,,ARIZONA,3440.0,2011
261,Eatonton6,6565.0,,GEORGIA,59.0,2011
262,Chicago7,2703713.0,118239.0,ILLINOIS,,2011
263,Baltimore City Sheriff,,0.0,MARYLAND,0.0,2011
264,Albany,2581.0,16.0,MINNESOTA7,,2011
265,Albert Lea,18155.0,454.0,MINNESOTA7,,2011
266,Alexandria,11155.0,364.0,MINNESOTA7,,2011
267,Annandale,3253.0,96.0,MINNESOTA7,,2011
268,Anoka,17274.0,878.0,MINNESOTA7,,2011
269,Appleton,1423.0,40.0,MINNESOTA7,,2011
270,Apple Valley,49463.0,1191.0,MINNESOTA7,,2011
271,Arden Hills,9626.0,148.0,MINNESOTA7,,2011
272,Aurora,1695.0,0.0,MINNESOTA7,,2011
273,Austin,24909.0,757.0,MINNESOTA7,,2011
274,Avon,1407.0,22.0,MINNESOTA7,,2011
275,Babbitt,1486.0,0.0,MINNESOTA7,,2011
276,Baxter,7669.0,384.0,MINNESOTA7,,2011
277,Bayport,3498.0,27.0,MINNESOTA7,,2011
278,Becker,4573.0,37.0,MINNESOTA7,,2011
279,Belgrade,746.0,0.0,MINNESOTA7,,2011
280,Belle Plaine,6712.0,129.0,MINNESOTA7,,2011
281,Bemidji,13535.0,1090.0,MINNESOTA7,,2011
282,Benson,3265.0,82.0,MINNESOTA7,,2011
283,Big Lake,10138.0,100.0,MINNESOTA7,,2011
284,Blackduck,791.0,39.0,MINNESOTA7,,2011
285,Blaine,57627.0,1960.0,MINNESOTA7,,2011
286,Bloomington,83533.0,3151.0,MINNESOTA7,,2011
287,Blue Earth,3379.0,26.0,MINNESOTA7,,2011
288,Brainerd,13695.0,671.0,MINNESOTA7,,2011
289,Breckenridge,3412.0,53.0,MINNESOTA7,,2011
290,Brooklyn Center,30336.0,1535.0,MINNESOTA7,,2011
291,Brooklyn Park,76366.0,2844.0,MINNESOTA7,,2011
292,Brownton,768.0,2.0,MINNESOTA7,,2011
293,Buffalo,15572.0,416.0,MINNESOTA7,,2011
294,Burnsville,60771.0,1679.0,MINNESOTA7,,2011
295,Caledonia,2890.0,57.0,MINNESOTA7,,2011
296,Cambridge,8174.0,324.0,MINNESOTA7,,2011
297,Cannon Falls,4115.0,105.0,MINNESOTA7,,2011
298,Centennial Lakes,10842.0,191.0,MINNESOTA7,,2011
299,Champlin,23267.0,474.0,MINNESOTA7,,2011
300,Chaska,23953.0,298.0,MINNESOTA7,,2011
301,Chisholm,5014.0,90.0,MINNESOTA7,,2011
302,Cloquet,12218.0,507.0,MINNESOTA7,,2011
303,Cold Spring,5489.0,41.0,MINNESOTA7,,2011
304,Columbia Heights,19646.0,612.0,MINNESOTA7,,2011
305,Coon Rapids,61950.0,2672.0,MINNESOTA7,,2011
306,Corcoran,5421.0,46.0,MINNESOTA7,,2011
307,Cottage Grove,34856.0,578.0,MINNESOTA7,,2011
308,Crookston,7952.0,77.0,MINNESOTA7,,2011
309,Crosby,2404.0,36.0,MINNESOTA7,,2011
310,Crystal,22322.0,642.0,MINNESOTA7,,2011
311,Dawson,1552.0,16.0,MINNESOTA7,,2011
312,Dayton,4707.0,53.0,MINNESOTA7,,2011
313,Deephaven-Woodland,4110.0,29.0,MINNESOTA7,,2011
314,Detroit Lakes,8635.0,407.0,MINNESOTA7,,2011
315,Dilworth,4055.0,121.0,MINNESOTA7,,2011
316,Duluth,86931.0,4346.0,MINNESOTA7,,2011
317,Eagan,64702.0,1512.0,MINNESOTA7,,2011
318,Eagle Lake,2441.0,28.0,MINNESOTA7,,2011
319,East Grand Forks,8667.0,208.0,MINNESOTA7,,2011
320,Eden Prairie,61266.0,960.0,MINNESOTA7,,2011
321,Edina,48311.0,767.0,MINNESOTA7,,2011
322,Elk River,23151.0,618.0,MINNESOTA7,,2011
323,Elmore,668.0,12.0,MINNESOTA7,,2011
324,Ely,3487.0,58.0,MINNESOTA7,,2011
325,Eveleth,3747.0,117.0,MINNESOTA7,,2011
326,Fairmont,10748.0,311.0,MINNESOTA7,,2011
327,Falcon Heights,5362.0,102.0,MINNESOTA7,,2011
328,Faribault,23532.0,669.0,MINNESOTA7,,2011
329,Farmington,21249.0,191.0,MINNESOTA7,,2011
330,Fergus Falls,13239.0,392.0,MINNESOTA7,,2011
331,Floodwood,532.0,33.0,MINNESOTA7,,2011
332,Forest Lake,18517.0,474.0,MINNESOTA7,,2011
333,Fridley,27418.0,1270.0,MINNESOTA7,,2011
334,Gilbert,1813.0,1.0,MINNESOTA7,,2011
335,Glencoe,5674.0,89.0,MINNESOTA7,,2011
336,Glenwood,2584.0,3.0,MINNESOTA7,,2011
337,Golden Valley,20528.0,438.0,MINNESOTA7,,2011
338,Goodview,4067.0,96.0,MINNESOTA7,,2011
339,Grand Rapids,10953.0,435.0,MINNESOTA7,,2011
340,Granite Falls,2919.0,54.0,MINNESOTA7,,2011
341,Hallock,989.0,0.0,MINNESOTA7,,2011
342,Hastings,22343.0,563.0,MINNESOTA7,,2011
343,Hermantown,9487.0,318.0,MINNESOTA7,,2011
344,Hibbing,16487.0,181.0,MINNESOTA7,,2011
345,Hilltop,750.0,66.0,MINNESOTA7,,2011
346,Hokah,584.0,28.0,MINNESOTA7,,2011
347,Hopkins,17727.0,447.0,MINNESOTA7,,2011
348,Houston,987.0,14.0,MINNESOTA7,,2011
349,Hoyt Lakes,2033.0,0.0,MINNESOTA7,,2011
350,Hutchinson,14287.0,341.0,MINNESOTA7,,2011
351,Inver Grove Heights,34141.0,624.0,MINNESOTA7,,2011
352,Janesville,2273.0,34.0,MINNESOTA7,,2011
353,Jordan,5512.0,107.0,MINNESOTA7,,2011
354,Kasson,5977.0,43.0,MINNESOTA7,,2011
355,Kimball,768.0,0.0,MINNESOTA7,,2011
356,La Crescent,4867.0,55.0,MINNESOTA7,,2011
357,Lake City,5102.0,128.0,MINNESOTA7,,2011
358,Lake Crystal,2569.0,34.0,MINNESOTA7,,2011
359,Lakefield,1707.0,26.0,MINNESOTA7,,2011
360,Lakes Area,9481.0,180.0,MINNESOTA7,,2011
361,Lakeville,56386.0,771.0,MINNESOTA7,,2011
362,Lauderdale,2397.0,44.0,MINNESOTA7,,2011
363,Lester Prairie,1743.0,28.0,MINNESOTA7,,2011
364,Lewiston,1633.0,1.0,MINNESOTA7,,2011
365,Lino Lakes,20372.0,216.0,MINNESOTA7,,2011
366,Litchfield,6778.0,100.0,MINNESOTA7,,2011
367,Little Canada,9848.0,238.0,MINNESOTA7,,2011
368,Little Falls,8407.0,176.0,MINNESOTA7,,2011
369,Long Prairie,3485.0,84.0,MINNESOTA7,,2011
370,Madison,1563.0,19.0,MINNESOTA7,,2011
371,Mankato,39612.0,1859.0,MINNESOTA7,,2011
372,Maple Grove,62042.0,1202.0,MINNESOTA7,,2011
373,Mapleton,1770.0,23.0,MINNESOTA7,,2011
374,Maplewood,38311.0,2238.0,MINNESOTA7,,2011
375,Marshall,13786.0,415.0,MINNESOTA7,,2011
376,Medina,4930.0,149.0,MINNESOTA7,,2011
377,Melrose,3626.0,30.0,MINNESOTA7,,2011
378,Mendota Heights,11156.0,256.0,MINNESOTA7,,2011
379,Milaca,2969.0,16.0,MINNESOTA7,,2011
380,Minnetonka,50118.0,910.0,MINNESOTA7,,2011
381,Minnetrista,8734.0,119.0,MINNESOTA7,,2011
382,Montevideo,5425.0,156.0,MINNESOTA7,,2011
383,Montgomery,2979.0,42.0,MINNESOTA7,,2011
384,Moorhead,38359.0,824.0,MINNESOTA7,,2011
385,Moose Lake,2772.0,76.0,MINNESOTA7,,2011
386,Morris,5327.0,121.0,MINNESOTA7,,2011
387,Mound,9122.0,185.0,MINNESOTA7,,2011
388,Mounds View,12249.0,380.0,MINNESOTA7,,2011
389,Mountain Iron,2891.0,0.0,MINNESOTA7,,2011
390,Mountain Lake,2120.0,0.0,MINNESOTA7,,2011
391,New Brighton,21622.0,501.0,MINNESOTA7,,2011
392,New Hope,20496.0,493.0,MINNESOTA7,,2011
393,Newport,3462.0,121.0,MINNESOTA7,,2011
394,New Prague,7378.0,161.0,MINNESOTA7,,2011
395,New Richland,1212.0,0.0,MINNESOTA7,,2011
396,New Ulm,13626.0,283.0,MINNESOTA7,,2011
397,North Branch,10203.0,282.0,MINNESOTA7,,2011
398,Northfield,20161.0,315.0,MINNESOTA7,,2011
399,North Mankato,13497.0,314.0,MINNESOTA7,,2011
400,North Oaks,4503.0,32.0,MINNESOTA7,,2011
401,Oakdale,27589.0,1117.0,MINNESOTA7,,2011
402,Oak Park Heights,4372.0,230.0,MINNESOTA7,,2011
403,Olivia,2503.0,118.0,MINNESOTA7,,2011
404,Orono,11501.0,119.0,MINNESOTA7,,2011
405,Ortonville,1931.0,16.0,MINNESOTA7,,2011
406,Osakis,1753.0,31.0,MINNESOTA7,,2011
407,Owatonna,25797.0,491.0,MINNESOTA7,,2011
408,Park Rapids,3738.0,217.0,MINNESOTA7,,2011
409,Paynesville,2451.0,80.0,MINNESOTA7,,2011
410,Plymouth,71121.0,1212.0,MINNESOTA7,,2011
411,Princeton,4734.0,171.0,MINNESOTA7,,2011
412,Prior Lake,22972.0,454.0,MINNESOTA7,,2011
413,Proctor,3081.0,95.0,MINNESOTA7,,2011
414,Ramsey,23851.0,548.0,MINNESOTA7,,2011
415,Red Wing,16586.0,639.0,MINNESOTA7,,2011
416,Redwood Falls,5295.0,160.0,MINNESOTA7,,2011
417,Richfield,35500.0,869.0,MINNESOTA7,,2011
418,Robbinsdale,14061.0,475.0,MINNESOTA7,,2011
419,Rochester,107593.0,2323.0,MINNESOTA7,,2011
420,Rogers,8663.0,68.0,MINNESOTA7,,2011
421,Roseau,2653.0,22.0,MINNESOTA7,,2011
422,Rosemount,22043.0,326.0,MINNESOTA7,,2011
423,Roseville,33920.0,1507.0,MINNESOTA7,,2011
424,Sartell,15999.0,252.0,MINNESOTA7,,2011
425,Sauk Centre,4350.0,83.0,MINNESOTA7,,2011
426,Sauk Rapids,12872.0,109.0,MINNESOTA7,,2011
427,Savage,27119.0,631.0,MINNESOTA7,,2011
428,Shakopee,37362.0,1026.0,MINNESOTA7,,2011
429,Shoreview,25236.0,291.0,MINNESOTA7,,2011
430,Silver Bay,1902.0,15.0,MINNESOTA7,,2011
431,Silver Lake,843.0,5.0,MINNESOTA7,,2011
432,Slayton,2170.0,17.0,MINNESOTA7,,2011
433,South Lake Minnetonka,11747.0,142.0,MINNESOTA7,,2011
434,South St. Paul,20316.0,575.0,MINNESOTA7,,2011
435,Spring Lake Park,6461.0,329.0,MINNESOTA7,,2011
436,St. Anthony,8289.0,306.0,MINNESOTA7,,2011
437,Staples,3004.0,84.0,MINNESOTA7,,2011
438,St. Charles,3764.0,29.0,MINNESOTA7,,2011
439,St. Cloud,66350.0,2578.0,MINNESOTA7,,2011
440,St. Francis,7274.0,136.0,MINNESOTA7,,2011
441,Stillwater,18366.0,474.0,MINNESOTA7,,2011
442,St. James,4641.0,74.0,MINNESOTA7,,2011
443,St. Louis Park,45599.0,1405.0,MINNESOTA7,,2011
444,St. Paul Park,5320.0,154.0,MINNESOTA7,,2011
445,St. Peter,11282.0,280.0,MINNESOTA7,,2011
446,Thief River Falls,8639.0,260.0,MINNESOTA7,,2011
447,Two Harbors,3774.0,40.0,MINNESOTA7,,2011
448,Vadnais Heights,12397.0,227.0,MINNESOTA7,,2011
449,Virginia,8779.0,506.0,MINNESOTA7,,2011
450,Wabasha,2540.0,92.0,MINNESOTA7,,2011
451,Wadena,4120.0,109.0,MINNESOTA7,,2011
452,Waite Park,6767.0,787.0,MINNESOTA7,,2011
453,Warroad,1795.0,18.0,MINNESOTA7,,2011
454,Waseca,9483.0,174.0,MINNESOTA7,,2011
455,Wayzata,3716.0,114.0,MINNESOTA7,,2011
456,West Hennepin,5313.0,46.0,MINNESOTA7,,2011
457,West St. Paul,19691.0,651.0,MINNESOTA7,,2011
458,Wheaton,1435.0,39.0,MINNESOTA7,,2011
459,White Bear Lake,23981.0,767.0,MINNESOTA7,,2011
460,White Bear Township,11034.0,4.0,MINNESOTA7,,2011
461,Willmar,19761.0,489.0,MINNESOTA7,,2011
462,Windom,4682.0,115.0,MINNESOTA7,,2011
463,Winnebago,1448.0,11.0,MINNESOTA7,,2011
464,Winona,27805.0,456.0,MINNESOTA7,,2011
465,Winsted,2373.0,39.0,MINNESOTA7,,2011
466,Woodbury,62439.0,1300.0,MINNESOTA7,,2011
467,Worthington,12863.0,254.0,MINNESOTA7,,2011
468,Wyoming,7851.0,159.0,MINNESOTA7,,2011
469,Zumbrota,3277.0,40.0,MINNESOTA7,,2011
470,"Petal6, 4",10494.0,,MISSISSIPPI,1.0,2011
471,"Branson6, 4",10558.0,,MISSOURI,132.0,2011
472,Toledo5,287418.0,,OHIO,2868.0,2011
473,Black Butte,,7.0,OREGON,0.0,2011
474,Sunriver,,56.0,OREGON,3.0,2011
475,Chester4,34080.0,1322.0,PENNSYLVANIA,,2011
476,Tucson4,531535.0,,ARIZONA,3851.0,2012
477,Twin Cities5,21606.0,,CALIFORNIA,37.0,2012
478,Chicago6,2708382.0,112466.0,ILLINOIS,,2012
479,Warsaw7,13599.0,584.0,INDIANA,,2012
480,Dubuque7,58460.0,,IOWA,128.0,2012
481,Osage7,3636.0,,IOWA,4.0,2012
482,Vinton7,5280.0,,IOWA,8.0,2012
483,Winterset7,5242.0,,IOWA,6.0,2012
484,Gonzales5,10095.0,727.0,LOUISIANA,,2012
485,Jennings5,10477.0,305.0,LOUISIANA,,2012
486,Plaquemine5,7122.0,464.0,LOUISIANA,,2012
487,Port Allen5,5281.0,,LOUISIANA,,2012
488,Baltimore City Sheriff,,0.0,MARYLAND,0.0,2012
489,Albany,2601.0,26.0,MINNESOTA6,,2012
490,Albert Lea,18082.0,494.0,MINNESOTA6,,2012
491,Alexandria,11192.0,320.0,MINNESOTA6,,2012
492,Annandale,3292.0,80.0,MINNESOTA6,,2012
493,Anoka,17367.0,747.0,MINNESOTA6,,2012
494,Appleton,1401.0,20.0,MINNESOTA6,,2012
495,Apple Valley,49827.0,1116.0,MINNESOTA6,,2012
496,Arden Hills,9704.0,156.0,MINNESOTA6,,2012
497,Aurora,1693.0,0.0,MINNESOTA6,,2012
498,Austin,24993.0,712.0,MINNESOTA6,,2012
499,Avon,1411.0,13.0,MINNESOTA6,,2012
500,Babbitt,1484.0,37.0,MINNESOTA6,,2012
501,Baxter,7691.0,504.0,MINNESOTA6,,2012
502,Bayport,3518.0,43.0,MINNESOTA6,,2012
503,Becker,4609.0,43.0,MINNESOTA6,,2012
504,Belgrade,748.0,0.0,MINNESOTA6,,2012
505,Belle Plaine,6836.0,100.0,MINNESOTA6,,2012
506,Bemidji,13745.0,1332.0,MINNESOTA6,,2012
507,Benson,3214.0,110.0,MINNESOTA6,,2012
508,Big Lake,10222.0,144.0,MINNESOTA6,,2012
509,Blackduck,804.0,23.0,MINNESOTA6,,2012
510,Blaine,57953.0,1922.0,MINNESOTA6,,2012
511,Blooming Prairie,2007.0,0.0,MINNESOTA6,,2012
512,Bloomington,84596.0,3212.0,MINNESOTA6,,2012
513,Blue Earth,3365.0,47.0,MINNESOTA6,,2012
514,Brainerd,13734.0,695.0,MINNESOTA6,,2012
515,Breckenridge,3417.0,78.0,MINNESOTA6,,2012
516,Brooklyn Center,30725.0,1571.0,MINNESOTA6,,2012
517,Brooklyn Park,77346.0,2629.0,MINNESOTA6,,2012
518,Brownton,762.0,2.0,MINNESOTA6,,2012
519,Buffalo,15765.0,423.0,MINNESOTA6,,2012
520,Burnsville,61218.0,1810.0,MINNESOTA6,,2012
521,Caledonia,2868.0,34.0,MINNESOTA6,,2012
522,Cambridge,8262.0,318.0,MINNESOTA6,,2012
523,Cannon Falls,4112.0,112.0,MINNESOTA6,,2012
524,Centennial Lakes,10903.0,130.0,MINNESOTA6,,2012
525,Champlin,23568.0,382.0,MINNESOTA6,,2012
526,Chaska,24344.0,339.0,MINNESOTA6,,2012
527,Chisholm,5008.0,107.0,MINNESOTA6,,2012
528,Cloquet,12226.0,539.0,MINNESOTA6,,2012
529,Cold Spring,5508.0,43.0,MINNESOTA6,,2012
530,Columbia Heights,19758.0,595.0,MINNESOTA6,,2012
531,Coon Rapids,62301.0,1917.0,MINNESOTA6,,2012
532,Corcoran,5491.0,47.0,MINNESOTA6,,2012
533,Cottage Grove,35277.0,651.0,MINNESOTA6,,2012
534,Crookston,7907.0,165.0,MINNESOTA6,,2012
535,Crosby,2410.0,54.0,MINNESOTA6,,2012
536,Crystal,22607.0,720.0,MINNESOTA6,,2012
537,Dawson,1536.0,18.0,MINNESOTA6,,2012
538,Dayton,4766.0,54.0,MINNESOTA6,,2012
539,Deephaven-Woodland,4163.0,24.0,MINNESOTA6,,2012
540,Dilworth,4108.0,187.0,MINNESOTA6,,2012
541,Duluth,86830.0,3861.0,MINNESOTA6,,2012
542,Eagan,65180.0,1526.0,MINNESOTA6,,2012
543,Eagle Lake,2453.0,22.0,MINNESOTA6,,2012
544,East Grand Forks,8615.0,197.0,MINNESOTA6,,2012
545,Eden Prairie,62052.0,963.0,MINNESOTA6,,2012
546,Edina,48932.0,871.0,MINNESOTA6,,2012
547,Elk River,23335.0,564.0,MINNESOTA6,,2012
548,Elmore,666.0,14.0,MINNESOTA6,,2012
549,Ely,3482.0,75.0,MINNESOTA6,,2012
550,Eveleth,3742.0,135.0,MINNESOTA6,,2012
551,Fairmont,10657.0,284.0,MINNESOTA6,,2012
552,Falcon Heights,5416.0,137.0,MINNESOTA6,,2012
553,Faribault,23600.0,790.0,MINNESOTA6,,2012
554,Farmington,21403.0,203.0,MINNESOTA6,,2012
555,Fergus Falls,13209.0,464.0,MINNESOTA6,,2012
556,Floodwood,531.0,41.0,MINNESOTA6,,2012
557,Forest Lake,18738.0,428.0,MINNESOTA6,,2012
558,Fridley,27574.0,1238.0,MINNESOTA6,,2012
559,Gilbert,1810.0,1.0,MINNESOTA6,,2012
560,Glencoe,5634.0,108.0,MINNESOTA6,,2012
561,Glenwood,2557.0,27.0,MINNESOTA6,,2012
562,Golden Valley,20787.0,518.0,MINNESOTA6,,2012
563,Goodview,4055.0,84.0,MINNESOTA6,,2012
564,Grand Rapids,10932.0,482.0,MINNESOTA6,,2012
565,Granite Falls,2882.0,35.0,MINNESOTA6,,2012
566,Hallock,979.0,0.0,MINNESOTA6,,2012
567,Hastings,22502.0,702.0,MINNESOTA6,,2012
568,Hermantown,9476.0,332.0,MINNESOTA6,,2012
569,Hibbing,16469.0,90.0,MINNESOTA6,,2012
570,Hilltop,755.0,92.0,MINNESOTA6,,2012
571,Hokah,579.0,13.0,MINNESOTA6,,2012
572,Houston,979.0,19.0,MINNESOTA6,,2012
573,Hoyt Lakes,2031.0,0.0,MINNESOTA6,,2012
574,Hutchinson,14183.0,419.0,MINNESOTA6,,2012
575,International Falls,6417.0,186.0,MINNESOTA6,,2012
576,Inver Grove Heights,34394.0,843.0,MINNESOTA6,,2012
577,Janesville,2286.0,16.0,MINNESOTA6,,2012
578,Jordan,5619.0,67.0,MINNESOTA6,,2012
579,Kasson,6016.0,39.0,MINNESOTA6,,2012
580,Kimball,771.0,1.0,MINNESOTA6,,2012
581,La Crescent,4864.0,0.0,MINNESOTA6,,2012
582,Lake City,5080.0,80.0,MINNESOTA6,,2012
583,Lake Crystal,2582.0,52.0,MINNESOTA6,,2012
584,Lakes Area,9473.0,84.0,MINNESOTA6,,2012
585,Lakeville,56805.0,756.0,MINNESOTA6,,2012
586,Lauderdale,2423.0,42.0,MINNESOTA6,,2012
587,Lester Prairie,1732.0,15.0,MINNESOTA6,,2012
588,Le Sueur,4076.0,78.0,MINNESOTA6,,2012
589,Lewiston,1627.0,3.0,MINNESOTA6,,2012
590,Lino Lakes,20478.0,188.0,MINNESOTA6,,2012
591,Litchfield,6758.0,118.0,MINNESOTA6,,2012
592,Little Canada,9956.0,256.0,MINNESOTA6,,2012
593,Little Falls,8403.0,175.0,MINNESOTA6,,2012
594,Long Prairie,3473.0,77.0,MINNESOTA6,,2012
595,Mankato,39782.0,1912.0,MINNESOTA6,,2012
596,Maple Grove,62840.0,1280.0,MINNESOTA6,,2012
597,Mapleton,1777.0,20.0,MINNESOTA6,,2012
598,Maplewood,38719.0,2477.0,MINNESOTA6,,2012
599,Marshall,13788.0,403.0,MINNESOTA6,,2012
600,Medina,4995.0,99.0,MINNESOTA6,,2012
601,Melrose,3637.0,41.0,MINNESOTA6,,2012
602,Mendota Heights,11240.0,329.0,MINNESOTA6,,2012
603,Milaca,2953.0,23.0,MINNESOTA6,,2012
604,Minnetonka,50758.0,836.0,MINNESOTA6,,2012
605,Minnetrista,8846.0,89.0,MINNESOTA6,,2012
606,Montevideo,5365.0,99.0,MINNESOTA6,,2012
607,Montgomery,2969.0,54.0,MINNESOTA6,,2012
608,Moorhead,38813.0,865.0,MINNESOTA6,,2012
609,Moose Lake,2771.0,96.0,MINNESOTA6,,2012
610,Morris,5299.0,141.0,MINNESOTA6,,2012
611,Mound,9239.0,142.0,MINNESOTA6,,2012
612,Mounds View,12384.0,408.0,MINNESOTA6,,2012
613,Mountain Iron,2887.0,0.0,MINNESOTA6,,2012
614,Mountain Lake,2117.0,0.0,MINNESOTA6,,2012
615,New Brighton,21854.0,584.0,MINNESOTA6,,2012
616,New Hope,20748.0,589.0,MINNESOTA6,,2012
617,Newport,3503.0,173.0,MINNESOTA6,,2012
618,New Prague,7448.0,108.0,MINNESOTA6,,2012
619,New Richland,1220.0,0.0,MINNESOTA6,,2012
620,New Ulm,13526.0,235.0,MINNESOTA6,,2012
621,North Branch,10196.0,331.0,MINNESOTA6,,2012
622,Northfield,20213.0,391.0,MINNESOTA6,,2012
623,North Mankato,13523.0,219.0,MINNESOTA6,,2012
624,North Oaks,4552.0,30.0,MINNESOTA6,,2012
625,North St. Paul,11675.0,292.0,MINNESOTA6,,2012
626,Oakdale,27921.0,1238.0,MINNESOTA6,,2012
627,Oak Park Heights,4417.0,222.0,MINNESOTA6,,2012
628,Orono,11646.0,133.0,MINNESOTA6,,2012
629,Ortonville,1917.0,1.0,MINNESOTA6,,2012
630,Osakis,1757.0,23.0,MINNESOTA6,,2012
631,Osseo,2479.0,0.0,MINNESOTA6,,2012
632,Owatonna,25734.0,612.0,MINNESOTA6,,2012
633,Park Rapids,3710.0,228.0,MINNESOTA6,,2012
634,Paynesville,2459.0,64.0,MINNESOTA6,,2012
635,Plainview,3350.0,0.0,MINNESOTA6,,2012
636,Plymouth,72020.0,1198.0,MINNESOTA6,,2012
637,Princeton,4706.0,146.0,MINNESOTA6,,2012
638,Prior Lake,23410.0,455.0,MINNESOTA6,,2012
639,Proctor,3078.0,87.0,MINNESOTA6,,2012
640,Ramsey,23988.0,532.0,MINNESOTA6,,2012
641,Red Wing,16578.0,655.0,MINNESOTA6,,2012
642,Redwood Falls,5260.0,177.0,MINNESOTA6,,2012
643,Richfield,35953.0,928.0,MINNESOTA6,,2012
644,Robbinsdale,14239.0,443.0,MINNESOTA6,,2012
645,Rochester,108582.0,2721.0,MINNESOTA6,,2012
646,Rogers,8945.0,124.0,MINNESOTA6,,2012
647,Roseau,2635.0,44.0,MINNESOTA6,,2012
648,Rosemount,22206.0,262.0,MINNESOTA6,,2012
649,Roseville,34276.0,1491.0,MINNESOTA6,,2012
650,Sartell,16056.0,384.0,MINNESOTA6,,2012
651,Sauk Centre,4367.0,95.0,MINNESOTA6,,2012
652,Sauk Rapids,12928.0,129.0,MINNESOTA6,,2012
653,Savage,27635.0,666.0,MINNESOTA6,,2012
654,Shakopee,38057.0,1141.0,MINNESOTA6,,2012
655,Shoreview,25513.0,282.0,MINNESOTA6,,2012
656,Silver Bay,1893.0,9.0,MINNESOTA6,,2012
657,Silver Lake,836.0,6.0,MINNESOTA6,,2012
658,Slayton,2145.0,12.0,MINNESOTA6,,2012
659,Sleepy Eye,3600.0,7.0,MINNESOTA6,,2012
660,South Lake Minnetonka,11901.0,139.0,MINNESOTA6,,2012
661,South St. Paul,20465.0,542.0,MINNESOTA6,,2012
662,Springfield,2152.0,0.0,MINNESOTA6,,2012
663,Spring Grove,1330.0,0.0,MINNESOTA6,,2012
664,Spring Lake Park,6498.0,344.0,MINNESOTA6,,2012
665,St. Anthony,8388.0,335.0,MINNESOTA6,,2012
666,Staples,2993.0,83.0,MINNESOTA6,,2012
667,St. Charles,3752.0,36.0,MINNESOTA6,,2012
668,St. Francis,7315.0,167.0,MINNESOTA6,,2012
669,Stillwater,18582.0,478.0,MINNESOTA6,,2012
670,St. James,4637.0,113.0,MINNESOTA6,,2012
671,St. Louis Park,46176.0,1490.0,MINNESOTA6,,2012
672,St. Paul Park,5384.0,206.0,MINNESOTA6,,2012
673,St. Peter,11295.0,255.0,MINNESOTA6,,2012
674,Thief River Falls,8716.0,242.0,MINNESOTA6,,2012
675,Tracy,2180.0,0.0,MINNESOTA6,,2012
676,Two Harbors,3754.0,16.0,MINNESOTA6,,2012
677,Vadnais Heights,12533.0,396.0,MINNESOTA6,,2012
678,Virginia,8769.0,517.0,MINNESOTA6,,2012
679,Wabasha,2529.0,73.0,MINNESOTA6,,2012
680,Waite Park,6790.0,656.0,MINNESOTA6,,2012
681,Warroad,1781.0,34.0,MINNESOTA6,,2012
682,Waseca,9538.0,200.0,MINNESOTA6,,2012
683,Wayzata,3764.0,120.0,MINNESOTA6,,2012
684,Wells,2351.0,17.0,MINNESOTA6,,2012
685,West Hennepin,5380.0,60.0,MINNESOTA6,,2012
686,West St. Paul,19834.0,931.0,MINNESOTA6,,2012
687,Wheaton,1419.0,15.0,MINNESOTA6,,2012
688,White Bear Lake,24241.0,790.0,MINNESOTA6,,2012
689,White Bear Township,11155.0,154.0,MINNESOTA6,,2012
690,Willmar,19708.0,593.0,MINNESOTA6,,2012
691,Windom,4676.0,88.0,MINNESOTA6,,2012
692,Winnebago,1442.0,37.0,MINNESOTA6,,2012
693,Winona,27731.0,498.0,MINNESOTA6,,2012
694,Winsted,2357.0,34.0,MINNESOTA6,,2012
695,Woodbury,63190.0,1448.0,MINNESOTA6,,2012
696,Worthington,12858.0,206.0,MINNESOTA6,,2012
697,Wyoming,7847.0,89.0,MINNESOTA6,,2012
698,Zumbrota,3277.0,57.0,MINNESOTA6,,2012
699,Galloway Township7,37506.0,674.0,NEW JERSEY,,2012
700,Hackensack7,43499.0,879.0,NEW JERSEY,,2012
701,Jackson Township7,55400.0,751.0,NEW JERSEY,,2012
702,Clayton7,2916.0,,NEW MEXICO,16.0,2012
703,Grants7,9347.0,290.0,NEW MEXICO,,2012
704,Los Alamos7,18251.0,,NEW MEXICO,59.0,2012
705,Toledo4,286020.0,,OHIO,3352.0,2012
706,Darby4,10711.0,498.0,PENNSYLVANIA,,2012
707,McKeesport4,21603.0,721.0,PENNSYLVANIA,,2012
708,Aransas Pass7,8325.0,,TEXAS,48.0,2012
709,Forney7,15174.0,,TEXAS,21.0,2012
710,Humble7,15684.0,,TEXAS,106.0,2012
711,Temple7,68194.0,,TEXAS,202.0,2012
712,Puyallup5,37821.0,,WASHINGTON,96.0,2012
713,Hurricane5,6333.0,,WEST VIRGINIA,11.0,2012
714,New Richmond7,8454.0,,WISCONSIN,13.0,2012
715,Tallassee5,4830.0,296.0,ALABAMA,,2013
716,Dunnellon7,1750.0,,FLORIDA,9.0,2013
717,"Chicago7, 8",2720554.0,95908.0,ILLINOIS,,2013
718,Sellersburg5,6150.0,109.0,INDIANA,,2013
719,Shelbyville5,19159.0,448.0,INDIANA,,2013
720,Baltimore City Sheriff,,0.0,MARYLAND,0.0,2013
721,Toledo10,283035.0,,OHIO,2902.0,2013
722,Black Butte,,5.0,OREGON,0.0,2013
723,Sunriver,,80.0,OREGON,2.0,2013
724,Bountiful5,42976.0,,UTAH,61.0,2013
725,Hurricane5,14558.0,,UTAH,14.0,2013
726,Boaz4,9747.0,,ALABAMA,36.0,2014
727,Midfield4,5265.0,,ALABAMA,36.0,2014
728,Castle Rock4,54253.0,,COLORADO,41.0,2014
729,Louisville4,19888.0,,COLORADO,15.0,2014
730,El Dorado8,12809.0,,KANSAS,36.0,2014
731,McPherson8,13369.0,,KANSAS,27.0,2014
732,Ferriday8,3437.0,220.0,LOUISIANA,,2014
733,Monroe8,49900.0,5098.0,LOUISIANA,,2014
734,"Sulphur4, 6",20084.0,1106.0,LOUISIANA,,2014
735,"West Monroe6, 7, 8",13096.0,1096.0,LOUISIANA,,2014
736,Baltimore City Sheriff,,0.0,MARYLAND,0.0,2014
737,Cohasset8,8493.0,,MASSACHUSETTS,4.0,2014
738,Grand Rapids4,193385.0,,MICHIGAN,1381.0,2014
739,"Woodbury Town4, 6",10739.0,,NEW YORK,4.0,2014
740,Streetsboro8,16152.0,,OHIO,11.0,2014
741,Struthers8,10451.0,,OHIO,31.0,2014
742,Sylvania Township4,29425.0,,OHIO,37.0,2014
743,Toledo9,281150.0,,OHIO,3068.0,2014
744,Union4,6373.0,,OHIO,3.0,2014
745,Sunriver,,56.0,OREGON,2.0,2014
746,Summerton8,980.0,,SOUTH CAROLINA,9.0,2014
747,Parkersburg4,31139.0,,WEST VIRGINIA,88.0,2014
748,Algoma4,3116.0,,WISCONSIN,1.0,2014
749,Fennimore4,2484.0,,WISCONSIN,0.0,2014
750,Stanley4,3627.0,,WISCONSIN,2.0,2014
751,Federal Heights6,12351.0,,COLORADO,62.0,2015
752,Lafayette6,27761.0,565.0,COLORADO,,2015
753,Thornton7,133188.0,,COLORADO,325.0,2015
754,Crawfordsville6,16007.0,364.0,INDIANA,,2015
755,Chanute8,9341.0,,KANSAS,41.0,2015
756,Coffeyville8,9782.0,,KANSAS,61.0,2015
757,El Dorado8,12843.0,,KANSAS,49.0,2015
758,Hiawatha8,3093.0,,KANSAS,5.0,2015
759,"Simpsonville6, 7",20566.0,,SOUTH CAROLINA,57.0,2015
760,Arcola6,1672.0,,TEXAS,4.0,2015
761,Centerville6,17201.0,,UTAH,23.0,2015
762,Kaysville6,30008.0,,UTAH,12.0,2015
763,West Valley6,135744.0,,UTAH,766.0,2015
764,Dothan4,69071.0,2808.0,ALABAMA,,2016
765,Hoover5,85601.0,,ALABAMA,104.0,2016
766,Austin4,3723.0,,ARKANSAS,8.0,2016
767,Farmington4,6852.0,112.0,ARKANSAS,,2016
768,Osceola4,7138.0,,ARKANSAS,161.0,2016
769,Beardstown5,5664.0,,ILLINOIS,62.0,2016
770,Bettendorf4,35946.0,,IOWA,59.0,2016
771,Clive5,17836.0,,IOWA,26.0,2016
772,Mount Pleasant4,8389.0,,IOWA,12.0,2016
773,Mount Vernon4,4482.0,,IOWA,3.0,2016
774,Pleasant Hill5,9415.0,,IOWA,26.0,2016
775,West Burlington4,3055.0,,IOWA,8.0,2016
776,Coffeyville9,9555.0,,KANSAS,83.0,2016
777,Concordia9,5183.0,,KANSAS,21.0,2016
778,Leavenworth9,36100.0,,KANSAS,234.0,2016
779,Russell9,4537.0,,KANSAS,18.0,2016
780,Wellington9,7954.0,,KANSAS,12.0,2016
781,Bunkie4,4044.0,50.0,LOUISIANA,,2016
782,Baltimore City Sheriff,,0.0,MARYLAND,0.0,2016
783,Brookline4,59033.0,610.0,MASSACHUSETTS,,2016
784,Gardner4,20277.0,509.0,MASSACHUSETTS,,2016
785,Yarmouth4,23299.0,468.0,MASSACHUSETTS,,2016
786,Hazelwood4,25655.0,870.0,MISSOURI,,2016
787,Rocky Mount5,55431.0,,NORTH CAROLINA,435.0,2016
788,Weaverville5,3988.0,,NORTH CAROLINA,4.0,2016
789,Black Butte,,6.0,OREGON,0.0,2016
790,Sunriver,,65.0,OREGON,4.0,2016
791,Bethlehem5,74869.0,1487.0,PENNSYLVANIA,,2016
792,"Mahoning Township, Carbon County4",4211.0,,PENNSYLVANIA,18.0,2016
793,New Shoreham5,1046.0,,RHODE ISLAND,0.0,2016
794,Pawtucket4,71640.0,,RHODE ISLAND,305.0,2016
795,Providence5,179340.0,,RHODE ISLAND,1031.0,2016
796,Tyler5,105044.0,,TEXAS,429.0,2016
797,Huntington5,48540.0,,WEST VIRGINIA,378.0,2016
798,Bullhead City4,40039.0,1480.0,ARIZONA,,2017
799,Lafayette5,26492.0,,CALIFORNIA,7.0,2017
800,Thornton5,139825.0,,COLORADO,490.0,2017
801,Garden City5,8932.0,,GEORGIA,157.0,2017
802,Orofino5,3039.0,,IDAHO,8.0,2017
803,Beech Grove7,14831.0,338.0,INDIANA,,2017
804,Berne7,4118.0,16.0,INDIANA,,2017
805,Bluffton8,10011.0,,INDIANA,7.0,2017
806,Bremen7,4547.0,61.0,INDIANA,,2017
807,Brownsburg7,26030.0,298.0,INDIANA,,2017
808,Cedar Lake7,12286.0,198.0,INDIANA,,2017
809,Charlestown7,8248.0,128.0,INDIANA,,2017
810,Columbus7,47322.0,1904.0,INDIANA,,2017
811,Danville7,9783.0,115.0,INDIANA,,2017
812,Elkhart7,52330.0,1837.0,INDIANA,,2017
813,Goshen7,33195.0,1118.0,INDIANA,,2017
814,Kendallville7,9915.0,226.0,INDIANA,,2017
815,Merrillville5,34999.0,1286.0,INDIANA,,2017
816,Mishawaka8,48749.0,,INDIANA,105.0,2017
817,Nappanee7,6800.0,103.0,INDIANA,,2017
818,Noblesville7,61527.0,810.0,INDIANA,,2017
819,Peru7,11009.0,436.0,INDIANA,,2017
820,Rushville7,6022.0,232.0,INDIANA,,2017
821,Scottsburg7,6669.0,307.0,INDIANA,,2017
822,Shelbyville7,19047.0,533.0,INDIANA,,2017
823,South Whitley7,1733.0,8.0,INDIANA,,2017
824,Warsaw7,14850.0,613.0,INDIANA,,2017
825,Whiting7,4805.0,102.0,INDIANA,,2017
826,Adel5,4397.0,,IOWA,14.0,2017
827,Goodland5,4433.0,,KANSAS,13.0,2017
828,Hillsboro5,2870.0,,KANSAS,3.0,2017
829,Somerset5,11531.0,,KENTUCKY,23.0,2017
830,Abbeville8,12491.0,,LOUISIANA,98.0,2017
831,Baltimore City Sheriff,,0.0,MARYLAND,0.0,2017
832,Ackerman7,1458.0,44.0,MISSISSIPPI,,2017
833,Clinton7,25202.0,493.0,MISSISSIPPI,,2017
834,Edwards7,1001.0,22.0,MISSISSIPPI,,2017
835,Florence7,4438.0,20.0,MISSISSIPPI,,2017
836,Fulton7,4085.0,215.0,MISSISSIPPI,,2017
837,Holly Springs7,7682.0,259.0,MISSISSIPPI,,2017
838,Iuka7,2983.0,104.0,MISSISSIPPI,,2017
839,Jackson7,168397.0,7449.0,MISSISSIPPI,,2017
840,McComb7,12812.0,833.0,MISSISSIPPI,,2017
841,Petal7,10743.0,90.0,MISSISSIPPI,,2017
842,Summit7,1642.0,33.0,MISSISSIPPI,,2017
843,Vicksburg7,22772.0,1362.0,MISSISSIPPI,,2017
844,Waveland7,6426.0,348.0,MISSISSIPPI,,2017
845,Wiggins7,4567.0,257.0,MISSISSIPPI,,2017
846,Hillsdale4,1574.0,36.0,MISSOURI,,2017
847,Holts Summit5,3784.0,62.0,MISSOURI,,2017
848,Northwoods8,4138.0,115.0,MISSOURI,,2017
849,Aberdeen,7707.0,275.0,NORTH CAROLINA7,,2017
850,Albemarle,16022.0,738.0,NORTH CAROLINA7,,2017
851,Angier,5227.0,120.0,NORTH CAROLINA7,,2017
852,Apex,49159.0,643.0,NORTH CAROLINA7,,2017
853,Archdale,11664.0,192.0,NORTH CAROLINA7,,2017
854,Asheboro,26253.0,1527.0,NORTH CAROLINA7,,2017
855,Asheville,90103.0,4248.0,NORTH CAROLINA7,,2017
856,Atlantic Beach,1491.0,108.0,NORTH CAROLINA7,,2017
857,Ayden,5215.0,167.0,NORTH CAROLINA7,,2017
858,Bailey,568.0,14.0,NORTH CAROLINA7,,2017
859,Banner Elk,1166.0,12.0,NORTH CAROLINA7,,2017
860,Beaufort,4223.0,141.0,NORTH CAROLINA7,,2017
861,Beech Mountain,321.0,19.0,NORTH CAROLINA7,,2017
862,Belhaven,1572.0,26.0,NORTH CAROLINA7,,2017
863,Belmont,10880.0,634.0,NORTH CAROLINA7,,2017
864,Benson,3764.0,187.0,NORTH CAROLINA7,,2017
865,Bessemer City,5586.0,92.0,NORTH CAROLINA7,,2017
866,Beulaville,1326.0,26.0,NORTH CAROLINA7,,2017
867,Biltmore Forest,1482.0,15.0,NORTH CAROLINA7,,2017
868,Biscoe,1676.0,119.0,NORTH CAROLINA7,,2017
869,Black Mountain,8477.0,111.0,NORTH CAROLINA7,,2017
870,Blowing Rock,1297.0,22.0,NORTH CAROLINA7,,2017
871,Boone,19138.0,382.0,NORTH CAROLINA7,,2017
872,Brevard,7846.0,174.0,NORTH CAROLINA7,,2017
873,Bunn,362.0,21.0,NORTH CAROLINA7,,2017
874,Burgaw,4135.0,211.0,NORTH CAROLINA7,,2017
875,Burlington,52986.0,2016.0,NORTH CAROLINA7,,2017
876,Burnsville,1650.0,39.0,NORTH CAROLINA7,,2017
877,Butner,7718.0,157.0,NORTH CAROLINA7,,2017
878,Carrboro,21553.0,430.0,NORTH CAROLINA7,,2017
879,Carthage,2463.0,82.0,NORTH CAROLINA7,,2017
880,Cary,166986.0,1795.0,NORTH CAROLINA7,,2017
881,Chapel Hill,59553.0,1284.0,NORTH CAROLINA7,,2017
882,Charlotte-Mecklenburg,914609.0,34894.0,NORTH CAROLINA7,,2017
883,Clayton,21012.0,367.0,NORTH CAROLINA7,,2017
884,Cleveland,879.0,29.0,NORTH CAROLINA7,,2017
885,Clinton,8666.0,477.0,NORTH CAROLINA7,,2017
886,Columbus,979.0,27.0,NORTH CAROLINA7,,2017
887,Concord,91756.0,1791.0,NORTH CAROLINA7,,2017
888,Conover,8354.0,452.0,NORTH CAROLINA7,,2017
889,Cramerton,4461.0,106.0,NORTH CAROLINA7,,2017
890,Creedmoor,4563.0,139.0,NORTH CAROLINA7,,2017
891,Davidson,12723.0,157.0,NORTH CAROLINA7,,2017
892,Dobson,1591.0,62.0,NORTH CAROLINA7,,2017
893,Drexel,1872.0,22.0,NORTH CAROLINA7,,2017
894,Duck,386.0,46.0,NORTH CAROLINA7,,2017
895,Durham,269088.0,10296.0,NORTH CAROLINA7,,2017
896,Eden,15321.0,572.0,NORTH CAROLINA7,,2017
897,Edenton,4823.0,118.0,NORTH CAROLINA7,,2017
898,Elizabeth City,17802.0,821.0,NORTH CAROLINA7,,2017
899,Elkin,4120.0,337.0,NORTH CAROLINA7,,2017
900,Elon,10283.0,52.0,NORTH CAROLINA7,,2017
901,Emerald Isle,3710.0,179.0,NORTH CAROLINA7,,2017
902,Erwin,5017.0,212.0,NORTH CAROLINA7,,2017
903,Fairmont,2680.0,137.0,NORTH CAROLINA7,,2017
904,Farmville,4759.0,217.0,NORTH CAROLINA7,,2017
905,Fayetteville,205432.0,8811.0,NORTH CAROLINA7,,2017
906,Fletcher,8237.0,119.0,NORTH CAROLINA7,,2017
907,Fuquay-Varina,27429.0,376.0,NORTH CAROLINA7,,2017
908,Garner,29287.0,1082.0,NORTH CAROLINA7,,2017
909,Gastonia,76191.0,3714.0,NORTH CAROLINA7,,2017
910,Gibsonville,7131.0,99.0,NORTH CAROLINA7,,2017
911,Goldsboro,35824.0,1796.0,NORTH CAROLINA7,,2017
912,Granite Falls,4680.0,220.0,NORTH CAROLINA7,,2017
913,Greensboro,290051.0,10332.0,NORTH CAROLINA7,,2017
914,Greenville,92630.0,3394.0,NORTH CAROLINA7,,2017
915,Havelock,20157.0,486.0,NORTH CAROLINA7,,2017
916,Haw River,2467.0,78.0,NORTH CAROLINA7,,2017
917,Henderson,15131.0,673.0,NORTH CAROLINA7,,2017
918,Hendersonville,13967.0,691.0,NORTH CAROLINA7,,2017
919,Hertford,2122.0,50.0,NORTH CAROLINA7,,2017
920,Hickory,40653.0,2093.0,NORTH CAROLINA7,,2017
921,Highlands,944.0,34.0,NORTH CAROLINA7,,2017
922,High Point,112368.0,4161.0,NORTH CAROLINA7,,2017
923,Hillsborough,6640.0,345.0,NORTH CAROLINA7,,2017
924,Holly Ridge,2466.0,48.0,NORTH CAROLINA7,,2017
925,Holly Springs,34897.0,317.0,NORTH CAROLINA7,,2017
926,Hope Mills,16325.0,809.0,NORTH CAROLINA7,,2017
927,Hudson,3717.0,96.0,NORTH CAROLINA7,,2017
928,Huntersville,56279.0,993.0,NORTH CAROLINA7,,2017
929,Indian Beach,114.0,7.0,NORTH CAROLINA7,,2017
930,Jacksonville,67293.0,1961.0,NORTH CAROLINA7,,2017
931,Jefferson,1542.0,17.0,NORTH CAROLINA7,,2017
932,Jonesville,2240.0,109.0,NORTH CAROLINA7,,2017
933,Kannapolis,48754.0,980.0,NORTH CAROLINA7,,2017
934,Kernersville,24222.0,1249.0,NORTH CAROLINA7,,2017
935,Kill Devil Hills,7194.0,444.0,NORTH CAROLINA7,,2017
936,King,7046.0,269.0,NORTH CAROLINA7,,2017
937,Kings Mountain,10824.0,362.0,NORTH CAROLINA7,,2017
938,Kinston,20791.0,1219.0,NORTH CAROLINA7,,2017
939,Kitty Hawk,3507.0,184.0,NORTH CAROLINA7,,2017
940,Knightdale,15423.0,269.0,NORTH CAROLINA7,,2017
941,Lake Lure,1178.0,35.0,NORTH CAROLINA7,,2017
942,Laurel Park,2344.0,11.0,NORTH CAROLINA7,,2017
943,Leland,19786.0,349.0,NORTH CAROLINA7,,2017
944,Lenoir,17932.0,791.0,NORTH CAROLINA7,,2017
945,Lincolnton,10823.0,369.0,NORTH CAROLINA7,,2017
946,Long View,4900.0,224.0,NORTH CAROLINA7,,2017
947,Louisburg,3576.0,110.0,NORTH CAROLINA7,,2017
948,Maiden,3403.0,117.0,NORTH CAROLINA7,,2017
949,Manteo,1421.0,68.0,NORTH CAROLINA7,,2017
950,Marion,7819.0,630.0,NORTH CAROLINA7,,2017
951,Mars Hill,2239.0,10.0,NORTH CAROLINA7,,2017
952,Marshville,2692.0,137.0,NORTH CAROLINA7,,2017
953,Matthews,32255.0,1005.0,NORTH CAROLINA7,,2017
954,Maxton,2434.0,168.0,NORTH CAROLINA7,,2017
955,Mayodan,2445.0,163.0,NORTH CAROLINA7,,2017
956,Maysville,973.0,16.0,NORTH CAROLINA7,,2017
957,Mebane,14619.0,579.0,NORTH CAROLINA7,,2017
958,Mint Hill,26868.0,467.0,NORTH CAROLINA7,,2017
959,Mocksville,5302.0,219.0,NORTH CAROLINA7,,2017
960,Mooresville,37049.0,998.0,NORTH CAROLINA7,,2017
961,Morehead City,9520.0,462.0,NORTH CAROLINA7,,2017
962,Morrisville,25904.0,411.0,NORTH CAROLINA7,,2017
963,Mount Airy,10338.0,448.0,NORTH CAROLINA7,,2017
964,Mount Holly,14640.0,261.0,NORTH CAROLINA7,,2017
965,Mount Olive,4760.0,109.0,NORTH CAROLINA7,,2017
966,Murfreesboro,3057.0,84.0,NORTH CAROLINA7,,2017
967,Murphy,1648.0,133.0,NORTH CAROLINA7,,2017
968,Nags Head,2943.0,207.0,NORTH CAROLINA7,,2017
969,New Bern,30191.0,1005.0,NORTH CAROLINA7,,2017
970,Newport,4776.0,77.0,NORTH CAROLINA7,,2017
971,Newton,13059.0,451.0,NORTH CAROLINA7,,2017
972,North Wilkesboro,4228.0,151.0,NORTH CAROLINA7,,2017
973,Oak Island,7883.0,233.0,NORTH CAROLINA7,,2017
974,Oxford,8887.0,427.0,NORTH CAROLINA7,,2017
975,Pinebluff,1491.0,22.0,NORTH CAROLINA7,,2017
976,Pinehurst,16145.0,130.0,NORTH CAROLINA7,,2017
977,Pine Knoll Shores,1359.0,17.0,NORTH CAROLINA7,,2017
978,Pine Level,1922.0,34.0,NORTH CAROLINA7,,2017
979,Pineville,8788.0,1236.0,NORTH CAROLINA7,,2017
980,Pittsboro,4355.0,88.0,NORTH CAROLINA7,,2017
981,Plymouth,3551.0,184.0,NORTH CAROLINA7,,2017
982,Raeford,5057.0,191.0,NORTH CAROLINA7,,2017
983,Ramseur,1713.0,90.0,NORTH CAROLINA7,,2017
984,Reidsville,13900.0,749.0,NORTH CAROLINA7,,2017
985,Richlands,1702.0,28.0,NORTH CAROLINA7,,2017
986,Roanoke Rapids,15083.0,850.0,NORTH CAROLINA7,,2017
987,Robbins,1189.0,45.0,NORTH CAROLINA7,,2017
988,Robersonville,1402.0,35.0,NORTH CAROLINA7,,2017
989,Rockingham,9005.0,754.0,NORTH CAROLINA7,,2017
990,Rockwell,2148.0,53.0,NORTH CAROLINA7,,2017
991,Rocky Mount,55098.0,1984.0,NORTH CAROLINA7,,2017
992,Rolesville,7709.0,107.0,NORTH CAROLINA7,,2017
993,Rowland,1043.0,81.0,NORTH CAROLINA7,,2017
994,Rutherfordton,4134.0,146.0,NORTH CAROLINA7,,2017
995,Selma,6678.0,287.0,NORTH CAROLINA7,,2017
996,Shallotte,4050.0,171.0,NORTH CAROLINA7,,2017
997,Siler City,8531.0,369.0,NORTH CAROLINA7,,2017
998,Smithfield,12489.0,568.0,NORTH CAROLINA7,,2017
999,Snow Hill,1551.0,56.0,NORTH CAROLINA7,,2017
1000,Southern Pines,14025.0,471.0,NORTH CAROLINA7,,2017
1001,Spencer,3315.0,123.0,NORTH CAROLINA7,,2017
1002,Spruce Pine,2095.0,39.0,NORTH CAROLINA7,,2017
1003,Stallings,15656.0,181.0,NORTH CAROLINA7,,2017
1004,Surf City,2342.0,143.0,NORTH CAROLINA7,,2017
1005,Swansboro,3261.0,107.0,NORTH CAROLINA7,,2017
1006,Sylva,2653.0,268.0,NORTH CAROLINA7,,2017
1007,Tabor City,4225.0,144.0,NORTH CAROLINA7,,2017
1008,Tarboro,10924.0,359.0,NORTH CAROLINA7,,2017
1009,Thomasville,27071.0,1270.0,NORTH CAROLINA7,,2017
1010,Trent Woods,4162.0,29.0,NORTH CAROLINA7,,2017
1011,Troutman,2610.0,83.0,NORTH CAROLINA7,,2017
1012,Troy,3399.0,102.0,NORTH CAROLINA7,,2017
1013,Tryon,1618.0,34.0,NORTH CAROLINA7,,2017
1014,Valdese,4477.0,44.0,NORTH CAROLINA7,,2017
1015,Wadesboro,5413.0,319.0,NORTH CAROLINA7,,2017
1016,Wake Forest,42019.0,741.0,NORTH CAROLINA7,,2017
1017,Warsaw,3160.0,116.0,NORTH CAROLINA7,,2017
1018,Washington,9793.0,515.0,NORTH CAROLINA7,,2017
1019,Waxhaw,15089.0,170.0,NORTH CAROLINA7,,2017
1020,Waynesville,9977.0,516.0,NORTH CAROLINA7,,2017
1021,Weaverville,4034.0,131.0,NORTH CAROLINA7,,2017
1022,Weldon,1563.0,59.0,NORTH CAROLINA7,,2017
1023,Wendell,6901.0,94.0,NORTH CAROLINA7,,2017
1024,West Jefferson,1305.0,80.0,NORTH CAROLINA7,,2017
1025,Whispering Pines,3342.0,18.0,NORTH CAROLINA7,,2017
1026,Whiteville,5534.0,440.0,NORTH CAROLINA7,,2017
1027,Wilkesboro,3554.0,293.0,NORTH CAROLINA7,,2017
1028,Williamston,5438.0,334.0,NORTH CAROLINA7,,2017
1029,Wilmington,119422.0,4318.0,NORTH CAROLINA7,,2017
1030,Windsor,3795.0,38.0,NORTH CAROLINA7,,2017
1031,Winterville,9476.0,114.0,NORTH CAROLINA7,,2017
1032,Woodfin,6444.0,121.0,NORTH CAROLINA7,,2017
1033,Wrightsville Beach,2574.0,115.0,NORTH CAROLINA7,,2017
1034,Yadkinville,2918.0,100.0,NORTH CAROLINA7,,2017
1035,Youngsville,1317.0,39.0,NORTH CAROLINA7,,2017
1036,Zebulon,5288.0,222.0,NORTH CAROLINA7,,2017
1037,Bedford Heights7,10558.0,255.0,OHIO,,2017
1038,Brooklyn7,10809.0,677.0,OHIO,,2017
1039,Brookville7,5896.0,67.0,OHIO,,2017
1040,Cambridge7,10391.0,456.0,OHIO,,2017
1041,Chardon7,5199.0,96.0,OHIO,,2017
1042,Delphos7,6979.0,159.0,OHIO,,2017
1043,Fremont7,16241.0,866.0,OHIO,,2017
1044,Highland Heights7,8434.0,132.0,OHIO,,2017
1045,Kirtland Hills7,638.0,0.0,OHIO,,2017
1046,Mariemont7,3435.0,41.0,OHIO,,2017
1047,Middlefield7,2715.0,86.0,OHIO,,2017
1048,Mogadore7,3829.0,49.0,OHIO,,2017
1049,Newcomerstown7,3767.0,69.0,OHIO,,2017
1050,South Point7,3935.0,42.0,OHIO,,2017
1051,Tallmadge7,17529.0,334.0,OHIO,,2017
1052,Tiffin7,17481.0,390.0,OHIO,,2017
1053,"Toledo6, 8, 10",277116.0,11095.0,OHIO,,2017
1054,"Valley View, Cuyahoga County7",2007.0,47.0,OHIO,,2017
1055,Walton Hills7,2308.0,19.0,OHIO,,2017
1056,Newberg-Dundee8,26769.0,,OREGON,38.0,2017
1057,Nyssa7,3174.0,76.0,OREGON,,2017
1058,Sunriver,,67.0,OREGON,4.0,2017
1059,Abbeville5,5153.0,,SOUTH CAROLINA,33.0,2017
1060,Aiken8,31158.0,,SOUTH CAROLINA,165.0,2017
1061,"Abilene5, 6",122981.0,,TEXAS,636.0,2017
1062,Cuero5,8572.0,,TEXAS,109.0,2017
1063,"Kaufman5, 6",7276.0,,TEXAS,28.0,2017
1064,Lumberton5,12690.0,,TEXAS,17.0,2017
1065,Auburn5,78718.0,,WASHINGTON,376.0,2017
1066,Burien7,51479.0,2089.0,WASHINGTON,,2017
1067,Carnation7,2032.0,31.0,WASHINGTON,,2017
1068,Covington7,21001.0,716.0,WASHINGTON,,2017
1069,Kenmore7,22673.0,312.0,WASHINGTON,,2017
1070,Maple Valley7,26214.0,289.0,WASHINGTON,,2017
1071,Newcastle7,11775.0,241.0,WASHINGTON,,2017
1072,Sammamish7,64857.0,442.0,WASHINGTON,,2017
1073,SeaTac7,29200.0,1504.0,WASHINGTON,,2017
1074,Shoreline7,55703.0,1424.0,WASHINGTON,,2017
1075,Woodinville7,12181.0,364.0,WASHINGTON,,2017
1076,St. Albans8,10476.0,,WEST VIRGINIA,16.0,2017
1077,Benton5,36556.0,,ARKANSAS,182.0,2018
1078,El Dorado5,17916.0,1069.0,ARKANSAS,,2018
1079,Magnolia5,11425.0,,ARKANSAS,22.0,2018
1080,Siloam Springs5,17102.0,,ARKANSAS,78.0,2018
1081,Frederick6,13390.0,,COLORADO,4.0,2018
1082,Louisville5,21545.0,,COLORADO,16.0,2018
1083,Chicago Heights6,29832.0,,ILLINOIS,260.0,2018
1084,Coal City5,5338.0,,ILLINOIS,5.0,2018
1085,East St. Louis6,26630.0,,ILLINOIS,317.0,2018
1086,Naperville6,148457.0,,ILLINOIS,102.0,2018
1087,Oak Park5,52313.0,,ILLINOIS,,2018
1088,Pekin6,32541.0,,ILLINOIS,136.0,2018
1089,Sauk Village5,10436.0,271.0,ILLINOIS,,2018
1090,"Waukegan5,6",87530.0,,ILLINOIS,355.0,2018
1091,Frankfort5,15744.0,469.0,INDIANA,,2018
1092,Highland5,22428.0,567.0,INDIANA,,2018
1093,,,,IOWA7,,2018
1094,Burlington5,2537.0,,KANSAS,9.0,2018
1095,Herington5,2305.0,,KANSAS,5.0,2018
1096,Independence5,8629.0,,KANSAS,62.0,2018
1097,McPherson6,13211.0,,KANSAS,23.0,2018
1098,Bardstown5,13244.0,,KENTUCKY,26.0,2018
1099,Franklin5,8829.0,,KENTUCKY,22.0,2018
1100,Henderson5,28618.0,,KENTUCKY,95.0,2018
1101,Jeffersontown5,27443.0,,KENTUCKY,44.0,2018
1102,Madisonville5,18959.0,,KENTUCKY,37.0,2018
1103,Murray5,19402.0,,KENTUCKY,23.0,2018
1104,Paducah5,24933.0,,KENTUCKY,93.0,2018
1105,Radcliff5,22576.0,,KENTUCKY,82.0,2018
1106,St. Matthews5,18228.0,,KENTUCKY,37.0,2018
1107,Rayville6,3557.0,,LOUISIANA,,2018
1108,Baltimore City Sheriff,,0.0,MARYLAND,0.0,2018
1109,Lyon Township5,20815.0,,MICHIGAN,14.0,2018
1110,Batesville6,7212.0,321.0,MISSISSIPPI,,2018
1111,Booneville8,8688.0,124.0,MISSISSIPPI,,2018
1112,Florence8,4468.0,15.0,MISSISSIPPI,,2018
1113,Fulton8,4019.0,166.0,MISSISSIPPI,,2018
1114,"Hattiesburg4,5",46461.0,,MISSISSIPPI,92.0,2018
1115,Iuka8,2955.0,65.0,MISSISSIPPI,,2018
1116,Jackson8,166024.0,7855.0,MISSISSIPPI,,2018
1117,Leakesville8,896.0,4.0,MISSISSIPPI,,2018
1118,Oxford5,24369.0,666.0,MISSISSIPPI,,2018
1119,"Starkville4,6",25559.0,,MISSISSIPPI,43.0,2018
1120,Summit8,1593.0,41.0,MISSISSIPPI,,2018
1121,Vicksburg8,22298.0,1140.0,MISSISSIPPI,,2018
1122,Waveland8,6343.0,328.0,MISSISSIPPI,,2018
1123,Wiggins8,4561.0,221.0,MISSISSIPPI,,2018
1124,Crestwood9,11864.0,,MISSOURI,15.0,2018
1125,Hollister6,4561.0,,MISSOURI,4.0,2018
1126,Pleasant Hill6,8606.0,119.0,MISSOURI,,2018
1127,"St. Joseph4,8",76409.0,3768.0,MISSOURI,,2018
1128,Willow Springs5,2110.0,77.0,MISSOURI,,2018
1129,Nissequogue Village5,1751.0,,NEW YORK,0.0,2018
1130,Aberdeen,7821.0,232.0,NORTH CAROLINA8,,2018
1131,Albemarle,15991.0,853.0,NORTH CAROLINA8,,2018
1132,Apex,52577.0,663.0,NORTH CAROLINA8,,2018
1133,Archdale,11529.0,235.0,NORTH CAROLINA8,,2018
1134,Asheboro,25922.0,1168.0,NORTH CAROLINA8,,2018
1135,Asheville,93186.0,4798.0,NORTH CAROLINA8,,2018
1136,Atlantic Beach,1493.0,92.0,NORTH CAROLINA8,,2018
1137,Ayden,5162.0,149.0,NORTH CAROLINA8,,2018
1138,Beaufort,4178.0,135.0,NORTH CAROLINA8,,2018
1139,Belmont,12331.0,550.0,NORTH CAROLINA8,,2018
1140,Benson,3795.0,154.0,NORTH CAROLINA8,,2018
1141,Biltmore Forest,1432.0,17.0,NORTH CAROLINA8,,2018
1142,Biscoe,1675.0,195.0,NORTH CAROLINA8,,2018
1143,Blowing Rock,1267.0,21.0,NORTH CAROLINA8,,2018
1144,Boone,19524.0,289.0,NORTH CAROLINA8,,2018
1145,Brevard,7921.0,151.0,NORTH CAROLINA8,,2018
1146,Burgaw,4147.0,155.0,NORTH CAROLINA8,,2018
1147,Burlington,53385.0,1877.0,NORTH CAROLINA8,,2018
1148,Butner,7803.0,177.0,NORTH CAROLINA8,,2018
1149,Carolina Beach,6352.0,144.0,NORTH CAROLINA8,,2018
1150,Carrboro,21841.0,407.0,NORTH CAROLINA8,,2018
1151,Carthage,2488.0,80.0,NORTH CAROLINA8,,2018
1152,Cary,170518.0,1666.0,NORTH CAROLINA8,,2018
1153,Chadbourn,1730.0,63.0,NORTH CAROLINA8,,2018
1154,Charlotte-Mecklenburg,931235.0,34881.0,NORTH CAROLINA8,,2018
1155,China Grove,4209.0,80.0,NORTH CAROLINA8,,2018
1156,Chocowinity,792.0,16.0,NORTH CAROLINA8,,2018
1157,Clayton,22258.0,417.0,NORTH CAROLINA8,,2018
1158,Cleveland,876.0,25.0,NORTH CAROLINA8,,2018
1159,Columbus,991.0,38.0,NORTH CAROLINA8,,2018
1160,Concord,94022.0,1679.0,NORTH CAROLINA8,,2018
1161,Conover,8391.0,299.0,NORTH CAROLINA8,,2018
1162,Creedmoor,4576.0,93.0,NORTH CAROLINA8,,2018
1163,Davidson,12954.0,127.0,NORTH CAROLINA8,,2018
1164,Drexel,1858.0,33.0,NORTH CAROLINA8,,2018
1165,Duck,387.0,32.0,NORTH CAROLINA8,,2018
1166,Durham,273759.0,9755.0,NORTH CAROLINA8,,2018
1167,Eden,14952.0,530.0,NORTH CAROLINA8,,2018
1168,Edenton,4671.0,145.0,NORTH CAROLINA8,,2018
1169,Elizabeth City,17629.0,939.0,NORTH CAROLINA8,,2018
1170,Emerald Isle,3685.0,189.0,NORTH CAROLINA8,,2018
1171,Farmville,4712.0,129.0,NORTH CAROLINA8,,2018
1172,Fletcher,8392.0,128.0,NORTH CAROLINA8,,2018
1173,Forest City,7175.0,555.0,NORTH CAROLINA8,,2018
1174,Four Oaks,2106.0,56.0,NORTH CAROLINA8,,2018
1175,Gastonia,77316.0,3839.0,NORTH CAROLINA8,,2018
1176,Gibsonville,7193.0,70.0,NORTH CAROLINA8,,2018
1177,Granite Falls,4653.0,293.0,NORTH CAROLINA8,,2018
1178,Greensboro,293298.0,9831.0,NORTH CAROLINA8,,2018
1179,Greenville,93235.0,2707.0,NORTH CAROLINA8,,2018
1180,Havelock,19870.0,530.0,NORTH CAROLINA8,,2018
1181,Henderson,14780.0,804.0,NORTH CAROLINA8,,2018
1182,Hickory,40701.0,1884.0,NORTH CAROLINA8,,2018
1183,Highlands,942.0,54.0,NORTH CAROLINA8,,2018
1184,High Point6,112526.0,3682.0,NORTH CAROLINA8,,2018
1185,Hillsborough,7323.0,310.0,NORTH CAROLINA8,,2018
1186,Holly Ridge,2584.0,36.0,NORTH CAROLINA8,,2018
1187,Holly Springs,37008.0,267.0,NORTH CAROLINA8,,2018
1188,Hope Mills,16219.0,681.0,NORTH CAROLINA8,,2018
1189,Huntersville,57677.0,884.0,NORTH CAROLINA8,,2018
1190,Jacksonville,71715.0,1763.0,NORTH CAROLINA8,,2018
1191,Jonesville,2226.0,123.0,NORTH CAROLINA8,,2018
1192,Kannapolis,49750.0,968.0,NORTH CAROLINA8,,2018
1193,Kernersville,24571.0,970.0,NORTH CAROLINA8,,2018
1194,King,6911.0,302.0,NORTH CAROLINA8,,2018
1195,Kings Mountain,10808.0,400.0,NORTH CAROLINA8,,2018
1196,Kinston,20341.0,1305.0,NORTH CAROLINA8,,2018
1197,Kitty Hawk,3529.0,125.0,NORTH CAROLINA8,,2018
1198,Lake Lure,1148.0,5.0,NORTH CAROLINA8,,2018
1199,Leland,21008.0,320.0,NORTH CAROLINA8,,2018
1200,Lenoir,17904.0,845.0,NORTH CAROLINA8,,2018
1201,Lexington,18754.0,489.0,NORTH CAROLINA8,,2018
1202,Lillington,3639.0,130.0,NORTH CAROLINA8,,2018
1203,Louisburg,3549.0,137.0,NORTH CAROLINA8,,2018
1204,Madison,2119.0,57.0,NORTH CAROLINA8,,2018
1205,Mars Hill,2157.0,14.0,NORTH CAROLINA8,,2018
1206,Marshville,2728.0,117.0,NORTH CAROLINA8,,2018
1207,Matthews,32873.0,949.0,NORTH CAROLINA8,,2018
1208,Mayodan,2399.0,113.0,NORTH CAROLINA8,,2018
1209,Maysville,950.0,13.0,NORTH CAROLINA8,,2018
1210,Mint Hill,27375.0,471.0,NORTH CAROLINA8,,2018
1211,Mocksville,5303.0,165.0,NORTH CAROLINA8,,2018
1212,Mooresville,38340.0,1018.0,NORTH CAROLINA8,,2018
1213,Morehead City,9393.0,396.0,NORTH CAROLINA8,,2018
1214,Mount Gilead,1159.0,61.0,NORTH CAROLINA8,,2018
1215,Mount Holly,15940.0,302.0,NORTH CAROLINA8,,2018
1216,Murfreesboro,2984.0,61.0,NORTH CAROLINA8,,2018
1217,Murphy,1640.0,175.0,NORTH CAROLINA8,,2018
1218,Nags Head,2925.0,138.0,NORTH CAROLINA8,,2018
1219,New Bern,29600.0,940.0,NORTH CAROLINA8,,2018
1220,Newport,4691.0,50.0,NORTH CAROLINA8,,2018
1221,Newton,13121.0,453.0,NORTH CAROLINA8,,2018
1222,North Topsail Beach,723.0,35.0,NORTH CAROLINA8,,2018
1223,North Wilkesboro,4277.0,125.0,NORTH CAROLINA8,,2018
1224,Ocean Isle Beach,624.0,45.0,NORTH CAROLINA8,,2018
1225,Oxford,8793.0,411.0,NORTH CAROLINA8,,2018
1226,Pilot Mountain,1427.0,42.0,NORTH CAROLINA8,,2018
1227,Pinebluff,1515.0,19.0,NORTH CAROLINA8,,2018
1228,Pinehurst,16213.0,111.0,NORTH CAROLINA8,,2018
1229,Pine Knoll Shores,1330.0,21.0,NORTH CAROLINA8,,2018
1230,Pittsboro,4289.0,114.0,NORTH CAROLINA8,,2018
1231,Plymouth,3448.0,146.0,NORTH CAROLINA8,,2018
1232,Raeford,4976.0,150.0,NORTH CAROLINA8,,2018
1233,Ramseur,1690.0,78.0,NORTH CAROLINA8,,2018
1234,Randleman,4133.0,141.0,NORTH CAROLINA8,,2018
1235,Reidsville,13774.0,693.0,NORTH CAROLINA8,,2018
1236,Richlands,1719.0,21.0,NORTH CAROLINA8,,2018
1237,Robbins,1212.0,26.0,NORTH CAROLINA8,,2018
1238,Rockingham,8754.0,602.0,NORTH CAROLINA8,,2018
1239,Rockwell,2146.0,27.0,NORTH CAROLINA8,,2018
1240,Rocky Mount,54085.0,1577.0,NORTH CAROLINA8,,2018
1241,Rowland,1010.0,47.0,NORTH CAROLINA8,,2018
1242,Roxboro,8284.0,318.0,NORTH CAROLINA8,,2018
1243,Rutherfordton,4014.0,158.0,NORTH CAROLINA8,,2018
1244,Salisbury,33901.0,1579.0,NORTH CAROLINA8,,2018
1245,Sanford,29483.0,782.0,NORTH CAROLINA8,,2018
1246,Scotland Neck,1880.0,42.0,NORTH CAROLINA8,,2018
1247,Selma,6776.0,239.0,NORTH CAROLINA8,,2018
1248,Shallotte,4183.0,229.0,NORTH CAROLINA8,,2018
1249,Siler City,8225.0,369.0,NORTH CAROLINA8,,2018
1250,Smithfield,12507.0,454.0,NORTH CAROLINA8,,2018
1251,Snow Hill,1516.0,53.0,NORTH CAROLINA8,,2018
1252,Southern Pines,14271.0,312.0,NORTH CAROLINA8,,2018
1253,Spencer,3254.0,99.0,NORTH CAROLINA8,,2018
1254,Stanley,3727.0,123.0,NORTH CAROLINA8,,2018
1255,Star,855.0,18.0,NORTH CAROLINA8,,2018
1256,St. Pauls,2344.0,68.0,NORTH CAROLINA8,,2018
1257,Surf City,2412.0,151.0,NORTH CAROLINA8,,2018
1258,Swansboro,3292.0,127.0,NORTH CAROLINA8,,2018
1259,Thomasville,26591.0,1009.0,NORTH CAROLINA8,,2018
1260,Trent Woods,4064.0,18.0,NORTH CAROLINA8,,2018
1261,Troy,3275.0,81.0,NORTH CAROLINA8,,2018
1262,Valdese,4427.0,54.0,NORTH CAROLINA8,,2018
1263,Wake Forest,44318.0,653.0,NORTH CAROLINA8,,2018
1264,Waynesville,9991.0,517.0,NORTH CAROLINA8,,2018
1265,Weaverville,3946.0,141.0,NORTH CAROLINA8,,2018
1266,Whispering Pines,3348.0,17.0,NORTH CAROLINA8,,2018
1267,Whiteville,5401.0,471.0,NORTH CAROLINA8,,2018
1268,Wilkesboro,3482.0,255.0,NORTH CAROLINA8,,2018
1269,Wilmington,120920.0,3639.0,NORTH CAROLINA8,,2018
1270,Wilson,49367.0,1719.0,NORTH CAROLINA8,,2018
1271,Windsor,3259.0,34.0,NORTH CAROLINA8,,2018
1272,Wingate,4034.0,68.0,NORTH CAROLINA8,,2018
1273,Winterville,9712.0,90.0,NORTH CAROLINA8,,2018
1274,Woodfin,6541.0,116.0,NORTH CAROLINA8,,2018
1275,Wrightsville Beach,2558.0,100.0,NORTH CAROLINA8,,2018
1276,Yadkinville,2879.0,90.0,NORTH CAROLINA8,,2018
1277,Youngsville,1331.0,28.0,NORTH CAROLINA8,,2018
1278,Brooklyn8,10759.0,566.0,OHIO,,2018
1279,Cambridge8,10369.0,396.0,OHIO,,2018
1280,Delphos8,6954.0,144.0,OHIO,,2018
1281,Fremont8,16125.0,870.0,OHIO,,2018
1282,Highland Heights8,8438.0,89.0,OHIO,,2018
1283,Middlefield8,2707.0,53.0,OHIO,,2018
1284,Mogadore8,3821.0,42.0,OHIO,,2018
1285,Newcomerstown8,3756.0,50.0,OHIO,,2018
1286,Black Butte,,6.0,OREGON,0.0,2018
1287,"Nyssa4,8",3166.0,82.0,OREGON,,2018
1288,Sunriver,,57.0,OREGON,3.0,2018
1289,Aiken6,30881.0,,SOUTH CAROLINA,120.0,2018
1290,North Myrtle Beach5,16688.0,,SOUTH CAROLINA,105.0,2018
1291,Walterboro5,5083.0,,SOUTH CAROLINA,38.0,2018
1292,Crockett5,6470.0,,TEXAS,33.0,2018
1293,Gonzales5,7687.0,124.0,TEXAS,,2018
1294,Hallsville5,4344.0,,TEXAS,6.0,2018
1295,Sanger5,8457.0,,TEXAS,27.0,2018
1296,Hampton6,133965.0,,VIRGINIA,316.0,2018
1297,"Burien4,8",52189.0,1900.0,WASHINGTON,,2018
1298,"Carnation4,8",2224.0,17.0,WASHINGTON,,2018
1299,"Covington4,8",21436.0,584.0,WASHINGTON,,2018
1300,"Kenmore4,8",23219.0,259.0,WASHINGTON,,2018
1301,"Maple Valley4,8",26212.0,354.0,WASHINGTON,,2018
1302,"Newcastle4,8",11878.0,243.0,WASHINGTON,,2018
1303,"Sammamish4,8",65604.0,371.0,WASHINGTON,,2018
1304,"SeaTac4,8",29463.0,1402.0,WASHINGTON,,2018
1305,"Shoreline4,8",56637.0,1100.0,WASHINGTON,,2018
1306,"Woodinville4,8",12153.0,308.0,WASHINGTON,,2018
